window,segment,metric,n,fit,loglik,aic,bic,ks_pvalue,chosen,param_mu,param_sigma,param_log_mu,param_log_sigma,param_k,param_theta
szn,F,G,449,Normal,-502.359082926562,1008.718165853124,1016.9322116286085,1.1819359408782058e-07,0,0.8153006681514475,0.740745101931284,,,,
szn,F,G,449,LogNormal,819.6989483137427,-1635.3978966274854,-1627.183850852001,4.340370993705285e-72,1,,,-5.45065976291617,9.080335123774407,,
szn,F,G,449,Gamma,-806.1963428741615,1616.392685748323,1624.6067315238074,2.1954551781275287e-27,0,,,,,1.2114291514496658,0.6730073049970698
szn,F,G,449,Normal(log1p),-217.81962101752165,439.6392420350433,447.85328781052783,2.1223527244946244e-11,0,0.5181953562355247,0.39305061548172116,,,,
szn,D,G,245,Normal,-23.658858260132668,51.317716520265336,58.32023294135479,6.680676676116364e-29,0,0.1776734693877551,0.26650247062109395,,,,
szn,D,G,245,LogNormal,2289.672291937218,-4575.344583874436,-4568.342067453346,1.0169500819185449e-35,1,,,-13.033270376597555,9.667122078836288,,
szn,D,G,245,Gamma,1595.9105878448838,-3187.8211756897676,-3180.8186592686784,1.005768397896143e-88,0,,,,,0.44447024332751633,0.39974210347548045
szn,D,G,245,Normal(log1p),45.81128638046906,-87.62257276093813,-80.62005633984867,5.516908648336192e-31,0,0.14178077031868824,0.2007041440172881,,,,
